avg_total_compensation,avg_base_salary,avg_ot_paid,headcount,title
477264.9619587629,143085.03092783506,114888.98670103094,97,CHIEF MARINE ENGINEER
269164.445,266596.6,0.0,20,DEPUTY ASSISTANT CHIEF OF DEPARTMENT
266081.77090909093,267958.54545454547,0.0,22,PRESIDENT
264061.6725,588.02,102228.84,16,CRANE OPERATOR AMPES
259255.48111111112,277567.05555555556,0.0,18,DIRECTOR OF INVESTMENTS
254112.32958333334,268186.25,0.0,24,ASSISTANT CHIEF OF DEPARTMENT
243790.6270646766,223032.43781094527,3199.1848756218906,201,CAPTAIN D/A DEPUTY CHIEF
227343.20302752292,160780.4105504587,58843.941811926605,436,LIEUTENANT D/A COMMANDER OF DETECTIVE SQUAD
224576.88807017545,269050.7368421053,711.5601754385965,57,CAPTAIN DETAILED AS ASSISTANT CHIEF
224422.98906614786,211347.74708171206,2207.696186770428,257,CAPTAIN D/A INSPECTOR
223992.865,232600.0,0.0,10,DISTRICT ATTORNEY
223921.68011695903,215754.21637426902,0.0,171,DEPUTY CHIEF
223601.98484848486,677.1376623376623,56415.63658008658,231,SENIOR STATIONARY ENGINEER
220265.50192307692,122650.84615384616,80085.24961538462,26,PILOT
218009.18941176473,260342.4705882353,328.11764705882354,17,FIRST DEPUTY COMMISSIONER
217296.35181818184,225484.54545454544,0.0,11,DEPUTY DIRECTOR- FINANCE
214893.69309192197,159381.38718662952,52357.7308913649,359,LIEUTENANT D/A SPECIAL ASSIGNMENT
213660.3594366197,449.1481690140845,90525.93760563381,71,SUPERVISOR PLASTERER
213308.03933333332,220393.86666666667,0.0,15,SENIOR VICE PRESIDENT
211136.86886956522,200506.36231884058,1384.2948405797101,345,CAPTAIN D/A DEPUTY INSPECTOR
207536.9657142857,467.19,94917.41214285714,14,SUPERVISOR STEAMFITTER
207347.505625,291168.875,0.0,16,DEPUTY MAYOR
206646.2332097399,143460.92252351964,57829.54129773105,3614,CAPTAIN
206233.994,208048.6,0.0,10,CRIMINALIST DIRECTOR OF LABORATORY
204737.5118134715,134903.41450777202,73157.88284974094,193,WARDEN-ASSISTANT DEPUTY WARDEN TED < 11/1/92
203112.8448,196434.04,0.0,25,ADMINISTRATIVE ACTUARY
203071.13285714286,232266.38775510204,0.0,98,COMMUNITY SUPERTINDENT
200390.46776672694,548.5612567811935,48888.97575045208,1106,STATIONARY ENGINEER
199377.9880210773,186838.26112412178,6980.2369437939105,854,BATTALION CHIEF
196921.72552715655,149272.1384451544,54133.46860489883,939,POLICE OFFICER D/A DETECTIVE 1ST GR
196397.19492307692,377.43800000000005,65387.36061538462,65,TRACTOR OPERATOR
196306.83019230768,621.0025,50074.63596153846,52,WELDER
194883.3875,524.18,60844.805625,16,BOILER MAKER
194618.09778688525,447.6639344262295,79202.95139344262,122,SUPERVISOR PLUMBER
194281.73714285714,178086.57142857142,0.0,14,DEPUTY CHIEF SURGEON
194224.6171264368,509.1562643678161,64803.40609195402,174,SUPERVISOR ELECTRICIAN
194060.0295,226530.1,0.0,20,WARDEN
191735.54454545456,198073.18181818182,0.0,11,CHIEF RACKETS INVESTIGATOR
191675.08287671235,563.1101369863014,46195.023424657535,73,SUPERVISOR ELEVATOR MECHANIC
191260.0548275862,223654.75862068965,157.77827586206897,29,AGENCY MEDICAL DIRECTOR
190963.50083974257,135117.1561764244,47993.2188651703,6371,LIEUTENANT
190952.15727272726,455.84,72210.41727272727,11,SHIP CARPENTER
190395.64739130434,456.5078260869565,23760.91347826087,69,MOTOR GRADER OPERATOR
190045.50870370373,215851.7037037037,0.0,54,EXECUTIVE DIRECTOR
189040.529,225232.9,0.0,20,ASSOCIATE COMMISSIONER
188980.0946875,217463.34375,0.0,32,DEPUTY EXECUTIVE DIRECTOR
188780.81399999998,187727.0,76.534,10,ADMINISTRATIVE ASSESSOR
188770.01034792367,128611.06509539843,47956.711234567905,891,SERGEANT-D/A SUPERVISOR DETECTIVE SQUAD
188637.61042654028,235604.6356398104,690.7307109004739,211,DEPUTY COMMISSIONER
188343.87676923076,302.54702564102564,30518.43958974359,195,GASOLINE ROLLER ENGINEER-L15
188284.6807142857,198484.7142857143,9.5875,28,AGENCY DEPUTY MEDICAL DIRECTOR
188233.73936,127190.416,56427.33984,125,AREA SUPERVISOR
187558.21911392405,147843.69620253163,48969.38481012658,79,SUPERVISING FIRE MARSHAL
186269.84,184616.20588235295,0.0,34,ADMINISTRATIVE LAW JUDGE
186245.9149921094,131045.95423461337,51490.62228300894,1901,POLICE OFFICER D/A DETECTIVE 2ND GR
185562.09224742267,204058.61855670103,0.0,485,ASSISTANT SUPERINTENDENT
183645.5072727273,213587.18181818182,0.0,11,GENERAL COUNSEL
183159.970625,188209.5,0.0,16,DEPUTY BOROUGH COMMISSIONER
182301.16363636364,442.8,75329.44727272728,11,RIGGER
179579.03033568905,161159.5300353357,24905.67247349823,566,GENERAL SUPERINTENDENT
179578.98591869918,127193.56747967479,41498.55783739837,615,SERGEANT-D/A SPECIAL ASSIGNMENT
178663.45,179200.0,0.0,10,BOROUGH PRESIDENT
178383.33719298246,179224.19298245615,0.0,57,DEPUTY DIRECTOR
178080.59181818183,150684.7290909091,0.0,11,CITY MEDICAL DIRECTOR
178012.4481081081,174614.72972972973,0.0,37,ADMINISTRATIVE CHIEF
177103.15731707317,199496.74390243902,0.0,82,PRINCIPAL ASSIGNED
177034.14307692306,164310.63461538462,14929.304807692308,52,WARDEN-DEPUTY WARDEN TED < 11/1/92
176743.20431154035,189167.91026993562,0.0,4038,PRINCIPAL
175177.676,179077.06666666668,10770.473333333333,15,MANAGER OF RADIO REPAIR OPERATIONS
174781.81310344828,217097.12448275863,615.6737931034484,29,CHIEF OF STAFF
174348.95977777775,476.1244444444444,67579.66666666667,45,SUPERVISOR BRICKLAYER
173466.666,184940.775,0.0,40,DIRECTOR
173397.5153846154,172217.6923076923,0.0,13,ASSISTANT DIRECTOR OF ADMINISTRATION
172985.62538461538,196559.76923076922,0.0,13,DEPUTY GENERAL COUNSEL
172640.43226666667,531.8652666666667,39254.548200000005,450,OILER
172602.38104122094,116567.53858222792,43271.71845100556,7011,P.O. DA DET GR3
172478.27785714288,161780.7142857143,210.20357142857142,14,DEPUTY CHIEF RACKETS INVESTIGATOR
171938.802,171880.3,490.6360000000001,10,INTELLIGENCE RESEARCH MANAGER-PD
171436.745,176240.58333333334,50.01083333333333,24,ENVIRONMENTAL POLICE OFFICER-MANAGERIAL
171394.71934065936,122222.04007326008,33110.445879120874,546,SUPERVISOR OF MECHANICS
171082.52571428573,208221.57142857142,0.0,42,COUNSEL
170910.8233766234,183799.87012987013,18.477922077922077,77,HEALTH SERVICES MANAGER
170384.8142105263,196831.36842105264,37.61052631578948,19,DEPUTY EXECUTIVE DIRECTOR CAMPAIGN FINANCE BOARD
169723.20584615387,183347.66153846154,0.0,65,VICE PRESIDENT
169638.62081967213,173372.7213114754,0.0,61,FIRE MEDICAL OFFICER
169470.65025830257,118946.65682656827,44383.261623616236,271,FIRE MARSHAL
169370.78535714286,114427.17857142857,67126.61607142857,28,SUPERVISING DEPUTY SHERIFF - AL 1 ONLY 40 HR
168679.4504,175744.36,0.0,25,CSE CHAIRPERSON
168412.86200000002,383.985,65074.902,10,SUPERVISOR GLAZIER
168409.06674170165,116054.62190003815,36842.81040824113,2621,P.O. DET SPEC
168250.77716666667,169828.3,0.0,60,SUPERVISOR ASSIGNED
167675.00900000002,165902.0,0.014000000000000002,10,DIRECTOR CRIMINAL JUSTICE DATA SHARE AND INFO SERVICES
167435.5593939394,110348.63636363637,51457.978484848485,33,WIPER
167363.68958333333,195187.45833333334,618.1891666666667,24,ASSISTANT EXECUTIVE DIRECTOR
167112.2241,217695.70309999998,6234.7031,100,CITY MEDICAL EXAMINER
166888.21393939393,198506.84848484848,615.6660606060606,33,BOROUGH COMMISSIONER
166672.7366666667,191251.72222222222,0.0,18,ASSISTANT COMMISSIONER OF LABOR RELATIONS
166590.06083333332,115997.41666666667,34375.22944444444,36,ASSISTANT CAPTAIN
165663.7161111111,89.4088888888889,0.0,18,PSYCHIATRIST
163967.04660714284,160554.375,0.0,56,POLICE SURGEON
162185.83272727273,189058.63636363635,3427.590909090909,11,CRIMINALIST DEPUTY DIRECTOR OF LABATORY
161998.23948275862,454.72160919540227,35357.49238505747,348,SUPERVISOR HIGHWAY REPAIRER
161815.67104166668,165709.97916666666,0.0,48,ADMINISTRATIVE TRANSPORTATION COORDINATOR
161621.0770212766,170901.36170212767,810.5057446808512,47,ADMINISTRATIVE SUPERINTENDENT OF HIGHWAY OPERATIONS
161585.76428571428,165964.19047619047,0.0,42,12 MONTH SPECIAL EDUCATION SUPERVISOR
161528.8490909091,166313.36363636365,35.63181818181818,11,DIRECTOR OF BUDGET STUDIES & ECONOMIC RESEARCH
161017.19431936223,112331.36393284213,28081.338279985506,8279,SERGEANT-
161016.55892857144,139336.39285714287,26557.45642857143,28,SUPERVISOR OF RADIO REPAIR OPERATIONS
160843.21648809523,101136.91083333333,54488.32696428571,168,MARINE ENGINEER
160449.78248314606,411.8951123595506,55078.15402247191,890,PLUMBER
159763.47916666666,176819.75,0.0,12,SPECIAL ADVISOR TO THE DIRECTOR
159454.35684512428,501.55931166347995,34350.298298279165,523,ELEVATOR MECHANIC
158762.63923076924,203356.07692307694,0.0,13,PUBLIC ADMINISTRATOR
158462.07733333335,426.14546666666666,53411.72986666667,75,THERMOSTAT REPAIRER
158353.6822222222,500.20000000000005,28539.217222222225,18,SUPERVISING COMMUNICATION ELECTRICIAN
156850.5072,185202.56,0.0,75,AGENCY CHIEF CONTRACTING OFFICER
156831.39244966445,436.57011744966445,48841.49132550335,596,PLASTERER
156604.53298850573,446.7987356321839,50370.06390804597,87,SHEET METAL WORKER
155968.4944871795,439.0974358974359,43645.64833333333,78,BRIDGE REPAIRER AND RIVETER
155792.83662650603,180845.1686746988,0.0,83,INVESTMENT MANAGER
155210.61014705882,164649.38235294117,0.0,68,ASSISTANT PRINCIPAL ASSIGNED
155081.48596153845,163301.86538461538,-128.73403846153846,52,AREA MANAGER OF SCHOOL MAINTENANCE
154651.43333333332,231678.66666666666,0.0,18,DEPUTY COMMISSIONER OF IT
154279.30276785715,165565.90950892857,59.03191964285714,224,ADMINISTRATIVE COMMUNITY RELATIONS SPECIALIST
153313.59266666666,112101.96666666666,43237.049,30,SENIOR ADMINISTRATOR
152821.39855072464,155946.5507246377,490.35463768115943,69,ADMINISTRATIVE HOUSING MANAGER
151963.07175438595,420.610350877193,52411.271578947366,114,SUPERVISOR CARPENTER
151472.3472727273,167482.72727272726,80.70272727272727,11,DEPUTY CHIEF CLERK
150736.54324444442,445.3726222222222,46033.87448888889,225,STEAM FITTER
150360.52493457944,161712.20754205607,2205.238224299065,1070,ADMINISTRATIVE ENGINEER
150290.39959427208,159818.87183429935,895.5666382543471,2933,COMPUTER SYSTEMS MANAGER
150289.4074,114605.68,37882.292400000006,50,DISTRICT SUPERVISOR
150269.59744186047,160359.75968992247,3.7608527131782945,129,ADMINISTRATIVE CONSTRUCTION PROJECT MANAGER
150143.88631578945,155597.84210526315,0.0,38,ASSISTANT DIRECTOR OF LEGAL SERVICES
149872.04851304347,458.5096260869566,40835.57264347826,1150,ELECTRICIAN
149426.9381818182,161786.77272727274,0.0,44,DEAN
148936.46666666667,172992.44444444444,0.0,18,ADMINISTRATOR
148891.40391489363,407.18540425531916,50668.276,235,SUPERVISOR PAINTER
148580.95246753248,152937.32467532466,610.1523376623376,77,ADMINISTRATIVE PUBLIC HEALTH SANITARIAN
147880.17571428572,156284.41408163265,207.54204081632653,49,SUPERINTENDENT OF WATER AND SEWER SYSTEMS
147831.29875,149095.125,0.0,16,ASSOCIATE DEAN
147097.103125,151259.5,2174.835625,16,DEPUTY CHIEF OF OPERATIONS
146987.4269230769,155750.53846153847,0.0,13,ADMINISTRATIVE LANDSCAPE ARCHITECT
146787.78155172413,177337.5344827586,0.6708620689655171,58,INSPECTOR GENERAL
146017.88662337663,158275.40746753247,0.0,616,12 MONTH SPECIAL EDUCATION ASST. PRINCIPAL
145795.32588235295,162991.58823529413,0.0,34,ASSISTANT VICE PRESIDENT
145590.69708333333,160573.6025,544.4829166666667,24,DEPUTY ASSISTANT DIRECTOR
145218.1523076923,159947.9423076923,1556.206923076923,52,ADMIN JOB OPOR SPEC-MANAGERIAL
145160.9524968153,156238.67600849256,0.0,2355,EDUCATIONAL ADMINISTRATOR CSA
145125.61984615386,182433.72764102565,40.89666666666667,195,ASSISTANT COMMISSIONER
145061.86222222223,336.9540740740741,55741.88444444444,27,STEAM FITTER'S HELPER
144323.44,156112.375,0.0,16,EDUCATIONAL ADMINISTRATOR UFT
144229.47583333336,151317.26666666666,581.679,60,CRIMINALIST ASSISTANT DIRECTOR OF LABORATORY
143801.6095,153685.03107692307,321.70457692307696,260,ADMINISTRATIVE MANAGER
143663.22355932204,138840.69491525425,189.15186440677965,59,PRINCIPAL ACCOUNTANT INVESTIGATOR
143326.08739130435,141378.4347826087,1214.0221739130436,23,ADMINISTRATIVE PRINTING SERVICES MANAGER
143287.6054004215,169655.6171338251,78.5854636459431,1898,EXECUTIVE AGENCY COUNSEL
143038.73949019608,145830.87843137255,3040.3580392156864,255,ADMINISTRATIVE HOUSING SUPERINTENDENT
142345.405,118496.0,21870.316,10,MARINE ELECTRONICS TECHNICIAN
142293.0659493671,151316.6329113924,52.55240506329115,79,SCHOOL PLANT MANAGER
142173.1554945055,447.714945054945,20073.78380952381,273,RADIO REPAIR MECHANIC
141802.5568292683,156648.63414634147,-17.37146341463415,41,ADMINISTRATIVE DIRECTOR OF LABORATORY
141685.56324324323,150773.03576576576,2136.033378378378,222,COMPUTER OPERATIONS MANAGER
141582.18544444445,156916.13333333333,213.76666666666668,90,ADMINISTRATIVE HOUSING DEVELOPMENT SPECIALIST
141195.08948275863,166529.43103448275,0.0,116,ADMIN CONTRACT SPECIALIST
141120.23303797469,161319.2658227848,0.0,79,ADMINISTRATIVE LABOR RELATIONS ANALYST
140804.94666666666,176722.31578947368,30.81578947368421,57,TELECOMMUNICATION MANAGER
140388.080989011,437.15274725274725,19381.363131868133,364,SENIOR SEWAGE TREATMENT WORKER
139652.51852941178,148500.0,0.0,102,COUNCIL MEMBER
139617.92089227366,94166.683988616,34805.738864235274,18974,FIREFIGHTER
139491.9252631579,145883.36842105264,0.0,19,ASSISTANT ADMINISTRATOR
139457.7,149361.14285714287,534.585,14,ADMIN TESTS & MEAS SPEC
139440.28440860214,431.0608602150538,41574.01763440861,186,BRICKLAYER
138428.93294117646,498.66764705882355,15009.83705882353,17,SUPERVISOR BRIDGE PAINTER
138060.42277777777,97277.83333333333,47128.27111111111,18,ASBESTOS HANDLER SUPERVISOR
137067.31190476188,136105.52380952382,0.0,21,SPECIAL ASSISTANT TO DA
136339.01799999998,213874.2,0.0,10,FACILITY SUPERVISOR
136158.56199999998,145233.6,92.39099999999999,10,"DIRECTOR, ENERGY MANAGEMENT STRATEGY"
136157.4190604027,155204.677852349,4446.7488590604025,149,SENIOR IT ARCHITECT
136120.60080000001,165742.48,0.0,25,DIRECTOR OF PUBLIC INFORMATION
136017.76813052956,144052.72024105655,0.0,7799,ASSISTANT PRINCIPAL
135630.46636363634,505.630303030303,11510.315454545454,33,BLACKSMITH
135090.76528225807,142099.8205342742,2970.6862802419355,992,ADMINISTRATIVE PROJECT MANAGER
134843.23357142857,164773.5,0.0,14,SPECIAL ASSISTANT TO MEMBER OF THE BOARD OF EDUCATION
134818.55282828285,458.56727272727267,21469.408686868686,99,COMMUNICATION ELECTRICIAN
134798.58899999998,145122.55,354.324,40,DEPUTY DIRECTOR OF ADMINISTRATION
133790.11538461538,188082.23076923078,0.0,13,SPECIAL ASSISTANT TO THE CHANCELLOR
133724.6518918919,156956.35135135136,0.0,37,ASSOCIATE ADMINISTRATOR
133552.9725,157792.75,0.0,12,LABOR RELATIONS TRIAL EXAMINER
133487.96829411766,151762.13529411764,12.453411764705882,170,ADMINISTRATIVE RETIREMENT BENEFITS SPECIALIST
133256.51206195547,129683.98930300097,6846.263107454018,1033,CERTIFIED IT ADMINISTRATOR
132829.2535576923,114344.16346153847,21134.134326923075,104,METAL WORK MECHANIC
132806.56292597318,105428.18482131461,24451.537351627314,3134,SUPERVISOR
132376.67833333334,157777.37317460318,0.2222222222222222,126,ADMINISTRATIVE PUBLIC INFORMATION SPECIALIST
132350.26859649122,88909.26315789473,34631.02649122807,57,SUPERVISOR OF TRAFFIC DEVICE MAINTAINERS
131805.73599999998,129542.8,0.0,10,AGENCY ATTORNEY DC37
131682.2041796875,98660.34375,30626.712578125,256,MATE
130716.82736842104,157089.1052631579,0.0,19,SPECIAL ASSISTANT TO THE DISTRICT ATTORNEY
130623.61839999999,153160.04,2341.1084,25,DEPUTY DIRECTOR OF MEDICOLEGAL INVESTIGATIONS
130530.21394160583,148660.04160583942,65.39620437956205,137,ADMINISTRATIVE PROCUREMENT ANALYST
130382.50942386831,132903.12845679012,2274.1338683127574,486,CERTIFIED IT DEVELOPER
130363.7311764706,129321.14705882352,1260.3164705882355,34,ADMINISTRATIVE FIRE PROTECTION INSPECTOR
130292.69729559749,140869.66666666666,230.28213836477988,159,ADMINISTRATIVE INSPECTOR
130081.37388888889,91949.27777777778,29604.605444444445,90,SUPERVISING FIRE ALARM DISPATCHER
130072.1972519084,129209.51908396947,235.61419847328247,131,SUPERVISING EMERGENCY MEDICAL SERVICE SPECIALIST-DPTY CHIEFS
129676.378125,86754.71875,43033.2540625,32,FERRY TERMINAL SUPERVISOR
129205.97126074498,141771.05157593123,1572.0745558739256,349,ADMINISTRATIVE CITY PLANNER
129030.57942622951,21441.12355191257,980.8491530054645,366,CITY MEDICAL SPECIALIST
128895.1528,136102.9425,440.1462,100,ADMINISTRATIVE PUBLIC HEALTH NURSE
128790.81513404826,137104.27345844504,585.5810187667561,746,ADMINISTRATIVE EDUCATION ANALYST
127908.37974683545,433.2808339538347,20497.786142963512,1343,HIGHWAY REPAIRER
127635.11121951221,116256.68292682926,26899.480731707317,41,PROJECT COORDINATOR
127206.557,128939.9,0.0,10,PRINCIPAL PLANNING CONSULTANT
127203.29470588233,137947.70588235295,817.3625000000001,68,ADMINISTRATIVE TAX AUDITOR
127062.88944444443,110019.01388888889,20083.14138888889,72,SUPERVISING RACKETS INVESTIGATOR START >4-24-08 NO ABC
126976.18,215745.16666666666,0.0,18,ASSISTANT TO THE DEPUTY MAYOR
126644.26742857143,134702.61904761905,574.2975238095238,105,HEALTH SERVICES MANAGER NON MANAGERIAL LEVEL II
126619.46583333334,119175.04166666667,6366.5675,24,*CERTIFIED LOCAL AREA NETWORK ADMINISTRATOR
126430.98605263158,131405.52631578947,2376.231052631579,38,SYSTEMS ADMINISTRATOR-CAM FIN BD
126265.36023809524,134586.04761904763,112.34595238095237,42,ADMINISTRATIVE SCHOOL FOOD SERVICE MANAGER
126212.97254098361,148808.97094262292,370.2494262295082,244,ADMINISTRATIVE ARCHITECT
126176.12999999999,156319.4,3.708666666666667,15,DIRECTOR OF PUBLIC RELATIONS
125991.09764705884,440.7952941176471,20344.68794117647,34,DOCKBUILDER
125976.33853658538,113077.53658536586,19666.033902439023,123,ADMIN INSPECTOR
125785.2587854251,159928.29631578946,167.37514170040487,247,EXECUTIVE PROGRAM SPECIALIST
125777.220572549,397.30939607843135,18328.609850980392,1275,SEWAGE TREATMENT WORKER
125639.6944736842,129816.31578947368,42.04552631578947,38,EXECUTIVE ASSISTANT
125339.01144927535,437.59434782608696,13447.074202898551,69,BRIDGE PAINTER
125301.3002,165342.72,-10.117799999999999,50,EDUCATIONAL MANAGEMENT ASSOCIATE
125286.82636363637,180873.0,0.0,11,DEPUTY BOROUGH PRESIDENT
125180.81495327102,140904.70093457945,6103.114112149532,107,IT INFRASTRUCTURE ENGINEER
125010.13509803923,131333.88235294117,190.14716577540108,561,DIRECTOR OF FIELD OPERATIONS
124742.31537974685,128732.87955696201,339.80227848101265,158,EMERGENCY PREPARDNESS MANAGER
124433.58330872776,135528.9546178897,1577.82632218845,4606,ADMINISTRATIVE STAFF ANALYST
124403.59599999999,136465.8,200.932,10,EXECUTIVE INSPECTOR
124239.8087561108,142298.08346550787,0.1617925040738729,1841,ASSISTANT CORPORATION COUNSEL
124167.40407407407,121275.96814814815,207.84555555555556,27,ADMINISTRATIVE PSYCHOLOGIST
124080.98000000001,152765.38888888888,0.0,18,SPECIAL ASSISTANT TO THE DEPUTY EXECUTIVE DIRECTOR
123808.799,124808.1,0.0,10,ADMINISTRATIVE CONSULTANT
123611.75166666666,133025.33333333334,19307.825833333332,12,ASSISTANT COUNSEL-PD
123391.22492307692,138230.0153846154,344.5916923076923,65,CHIEF INVESTIGATING ACCOUNTANT
122977.17043348915,129451.19517849553,4.638489162770931,4706,ASSISTANT DISTRICT ATTORNEY
122899.69363169478,130964.43800440205,3051.876177549523,1363,ADMINISTRATIVE DIRECTOR OF SOCIAL SERVICES
122612.05950083195,130383.0149750416,0.0,601,HIGHER EDUCATION OFFICER
122248.28294478529,392.9151183172656,33827.02674846626,1141,CARPENTER
121896.046875,131920.75,2.374375,16,COLLEGE SECURITY DIRECTOR
121441.81347222223,110002.84722222222,12154.809444444445,72,MEDICOLEGAL INVESTIGATOR
119525.47119999999,125964.42,1095.878,50,SUPERVISING RACKETS INVESTIGATOR
119333.84190981432,131203.84615384616,624.2525729442971,754,ADMINISTRATIVE EDUCATION OFFICER
119328.95234042553,123218.03617021277,397.91914893617025,47,INVESTIGATIVE MANAGER
119249.37142857142,116244.90428571429,0.0,21,ADMINISTRATIVE LANDMARKS PRESERVATIONIST
118840.26924050633,135402.7341772152,298.9948101265823,158,ADMINISTRATIVE BUSINESS PROMOTION COORDINATOR
118687.21980265518,122032.5812163617,2606.4196447793324,2787,COMPUTER SPECIALIST
118544.3853846154,353.31897435897434,29417.804807692308,156,CEMENT MASON
118482.8742857143,105149.61904761905,20939.872476190474,105,ADMINISTRATIVE DIRECTOR OF RESIDENTIAL CHILD CARE
118369.07471264368,133118.7816091954,644.0536781609195,87,DEPUTY INSPECTOR GENERAL
118266.50616598275,94572.06459600962,34424.85916513372,14134,CORRECTION OFFICER
118100.09153846154,125492.92307692308,90.39999999999999,13,SECRETARY TO THE DEPUTY CHANCELLOR
118056.2346153846,83031.8875739645,36806.68147928994,169,ASSOCIATE YOUTH DEVELOPMENT SPECIALIST
117963.33624242425,119324.89884848484,4523.326181818182,165,ADMINISTRATIVE QUALITY ASSURANCE SPECIALIST
117898.04230769232,115203.69230769231,0.0,13,LEGISLATIVE INFORMATION OFFICER
117696.5472,110179.76,0.0,25,HEAD NURSE
117645.78633802816,136821.53521126762,784.417042253521,142,ADMINISTRATIVE SUPERVISOR OF BUILDING MAINTENANCE
117538.93699300698,122077.46853146853,4039.5013986013983,143,ADMIN CONSTRUCTION PROJECT MANAGER
117351.90004524887,147938.66063348416,2454.8219909502263,221,IT SECURITY SPECIALIST
117169.29629629629,130872.77777777778,0.0,27,PRINCIPAL LEGISLATIVE FINANCIAL ANALYST
117160.96799418605,129215.91279069768,0.0,344,ADULT EDUCATION TEACHER
117053.70740088105,120048.20088105727,5640.745198237885,227,ADMINISTRATIVE PARKS & RECREATION MANAGER
117033.92809523808,100703.95523809524,3.2657142857142856,21,NURSE PRACTICIONER
116949.21,122806.84090909091,429.73636363636365,44,ADMINISTRATIVE STOREKEEPER
116609.68769230769,91064.53846153847,40826.399999999994,13,SUPERVISING BLASTING INSPECTOR
116477.34539379475,296.3444630071599,47646.55011933174,419,PLUMBER'S HELPER
116423.36270916334,127460.50199203187,1097.9781673306773,251,ADMINISTRATIVE MANAGEMENT AUDITOR
116187.88263157895,142857.47368421053,0.0,19,ASSISTANT DEAN
116063.02644067796,370.4637288135593,36042.66779661017,59,GLAZIER
115996.74307692307,107987.69230769231,24478.391538461536,13,STENOGRAPHER TO EACH DEPUTY COMMISSIONER
115742.09869565218,165582.0652173913,0.0,23,EXECUTIVE ASSISTANT TO THE COMMISSIONER
115006.82785714287,123285.21428571429,0.0,14,EOC HIGHER EDUCATION OFFICER
114770.1223403305,371.00686467172847,16206.224394819117,2239,AUTO MECHANIC
114481.03636363636,124192.7290909091,0.0,11,COUNSEL TO THE BOROUGH PRESIDENT
114442.68333333333,371.7366666666667,28811.395714285718,21,SUPERVISOR ROOFER
114293.96553169735,347.18505112474435,33801.85152351738,978,PAINTER
114062.90132616487,384.82551971326166,22135.553620071685,279,MACHINIST
114044.24342465753,131374.87671232875,1181.8013698630136,73,ADMINISTRATIVE REAL PROPERTY MANAGER
113961.52666666667,103943.95466666667,4914.319333333334,15,POISON INFORMATION SPECIALISTS
113495.01210084034,116474.0756302521,1462.3227731092438,119,ADMINISTRATIVE INVESTIGATOR
112994.85013157893,130199.47368421052,0.5103947368421056,76,DIRECTOR OF CORRECTIONAL STANDARDS REVIEW
112623.83692307693,94050.1053846154,6815.316153846154,13,POISON INFORMATION SPECIALIST
112375.73705583756,133077.62436548225,1840.423807106599,197,STRATEGIC INITIATIVE SPECIALIST
112186.4102970297,76311.97029702971,26129.465346534653,101,SUPERVISOR OF TRAFFIC DEVICE MAINTAINERS LEVEL 1 ONLY
111744.17515625,66311.170234375,47264.45484375,128,MARINE OILER
111642.953125,95391.375,9566.116875,16,SUPERVISOR OF RADIO AND TELEVISION OPERATORS
111455.92060119122,83636.26833174384,18772.068760549188,55573,POLICE OFFICER
111363.15378378378,124715.45945945945,552.4172972972973,74,ADMINISTRATIVE GRAPHIC ARTIST
111324.58622340426,113226.7925531915,2964.438670212766,188,LANDSCAPE ARCHITECT
111106.25617567569,400.19351351351355,13337.049527027028,740,CONSTRUCTION LABORER
111003.05299019607,120232.46928921569,1366.0654411764706,408,ADMINISTRATIVE ACCOUNTANT
110749.3981818182,91549.63636363637,21571.289545454547,22,SENIOR ADMINISTRATIVE ASSISTANT
110570.18457142857,115739.5142857143,2357.1425714285715,70,MECHANICAL ENGINEER
110447.771,108186.3,315.4396666666667,30,DISTRICT MANAGER OF ADMINISTRATION AND BUSINESS AFFAIRS
110445.6254385965,104568.66666666667,4618.097017543859,57,CASE MANAGEMENT NURSE
110256.79652173912,87635.82608695653,21357.303913043477,23,SUPERINTENDENT OF ADULT INSTITUTIONS
110224.80397849462,116051.13978494624,1989.148924731183,93,ADMIN HOUSING DEVELOPMENT SPEC
110166.398515625,121298.015625,0.0,128,DISTRICT MANAGER
109768.18642857143,392.2057142857143,13794.978571428572,14,AUTO MACHINIST
109455.24,363.59277777777777,11653.514444444445,18,BLACKSMITH'S HELPER
108921.36694444444,116958.44444444444,0.0,36,TEACHER ASSIGNED B
108827.3930449827,300.2904152249135,37374.01224913495,289,ELECTRICIANS HELPER
108719.66672727272,129425.12727272727,84.53272727272727,55,ADMINISTRATIVE PROJECT DIRECTOR
108171.52117552336,124622.25206119163,3265.596618357488,621,IT PROJECT SPECIALIST
107816.0642051282,91355.60317948718,2890.942205128205,195,REPORTER/ STENOGRAPHER
107743.87083333333,109446.95833333333,4377.397083333333,24,ENVIRONMENTAL ENGINEER
107734.27207207207,97109.86036036036,17381.153783783786,222,ADMIN JOB OPPORTUNITY SPEC NM
107717.91461538462,114944.01538461538,0.0,65,LEGISLATIVE ADMINISTRATIVE MANAGER
107088.84151515152,121771.57575757576,943.5724242424242,33,ADMINISTRATIIVE TAXI & LIMOUSINE INSPECTOR
106986.4005882353,107718.11764705883,2929.754705882353,17,SUPERVISING ACCOUNTANT INVESTIGATOR
106782.4684057971,91978.72463768115,21755.3968115942,69,ASBESTOS HANDLER
106542.3702487906,120488.88942639944,0.0,1447,TEACHER ASSIGNED A
106256.76678571428,121634.07142857143,0.0,28,ADMINISTRATIVE PUBLIC RECORDS OFFICER
105806.18523809523,117506.01587301587,3.634761904761905,63,RESEARCH AND LIAISON COORDINATOR
105665.47858490566,109246.87905660376,2359.8216981132077,106,ADMINISTRATIVE HORTICULTURIST
105463.48209891435,114607.23884197828,0.0,3316,SCHOOL PSYCHOLGIST
105193.49529914529,126482.50427350428,394.6846153846154,117,ADMINISTRATIVE SPACE ANALYST
105187.73351706036,103315.93700787402,9000.297086614173,381,HOUSING MANAGER
105040.66292035398,363.74353982300886,17097.514867256636,113,ROOFER
105001.34875259876,98070.13721413721,17521.78945945946,481,RESIDENT BUILDING SUPERINTENDENT
104991.89555555556,107307.16666666667,9.67388888888889,18,*SR MANAGEMENT CONSULTANT
104732.0157142857,151512.7142857143,0.0,14,ASSISTANT DIRECTOR
104700.68,77839.53066666667,11024.079333333333,375,ENVIRONMENTAL POLICE OFFICER
104653.0527641196,82499.56677740863,20408.066325581396,1505,SUPERVISING EMERGENCY MEDICAL SERVICE SPECIALIST
104650.17171232877,88136.36301369863,22812.749383561644,146,SUPERVISOR OF ELECTRICAL INSTALLATIONS & MAINTENANCE
104341.91789156628,328.9017469879518,26850.776204819274,166,HIGH PRESSURE PLANT TENDER
104106.35641025641,96181.59307692308,1278.7960256410256,78,CASE - MANAGEMENT NURSE
104059.27884615384,111279.68371794872,2190.745384615385,78,*ATTORNEY AT LAW
103939.61115384616,124244.23076923077,0.0,26,GUIDANCE COUNSELOR ASSIGNED A
103831.51319444444,304.72194444444443,23404.688645833332,288,ELEVATOR MECHANIC HELPER
103211.30538461538,89369.84615384616,16110.76923076923,13,SENIOR COMPUTER PROGRAMMER
103210.57018518519,111534.96296296296,1173.1237037037038,54,ADMINISTRATIVE CLAIM EXAMINER
103106.89206666667,114894.43333333333,2777.6033666666667,300,CIVIL ENGINEER
103042.45081632653,374.55734693877554,7721.390204081633,49,PRINTING PRESS OPERATOR
102874.01212754555,110541.05390407289,0.0,7464,GUIDANCE COUNSELOR
102715.23848205128,103687.03648205128,3875.5610461538463,975,ASSOCIATE PROJECT MANAGER
102487.68344484629,94676.77034358047,9661.282188065099,1106,CHILD PROTECTIVE SPECIALIST SUPERVISOR
102483.16697991146,77171.00204290092,16024.662876404494,14685,SANITATION WORKER
101029.35924528302,74471.60377358491,28466.01283018868,53,ASSOCIATE AIR POLLUTION INSPR
100912.16601627556,109342.54584027252,0.0,5284,SCHOOL SOCIAL WORKER
100826.45263157894,307.75308270676686,28636.84947368421,133,MASONS HELPER
100755.7085,81688.425,23175.4285,80,ASSOCIATE WATER USE INPECTOR
100395.30452830189,99446.28981132076,0.0,106,COMMISSIONER
100319.78181818183,150909.63636363635,0.0,11,REGIONAL DIRECTOR MENTAL HEALTH MENTAL RETARD & ALC SERVICE
100149.647,91222.9,17489.558,10,SUPERVISING DEMOLITION INSPECTOR
100020.02090588235,110772.8294117647,0.0,850,TEACHER ATTENDANCE
99995.16705128206,86890.34615384616,14578.456666666665,78,ASSOC SPVR OF SCHOOL SECURITY
99971.52846994536,112258.09836065574,546.6581420765027,183,HEALTH SERVICES MANAGER NON MANAGERIAL LEVEL I
99947.8841509434,76146.9182389937,24769.466352201256,159,ADMINISTRATIVE ASSOCIATE
99819.16063492064,84716.48190476191,11749.468095238095,63,PSYCHOLOGIST
99811.58333333333,114673.08333333333,0.0,12,PUBLIC INFORMATION OFFICER
99806.8175,115754.3,0.0,20,CONFIDENTIAL ASSISTANT TO THE COMPTROLLER
99459.09631578947,94838.57894736843,7402.209473684211,19,HOUSING EXTERMINATOR-AL IV
98761.32071428571,130699.28571428571,963.8659523809523,42,EXAMINING ATTORNEY
98577.7901754386,117454.01754385965,2281.0592982456137,57,TELECOMMUNICATIONS MANAGER
98454.70504636901,108607.82953985961,0.0,112683,TEACHER
98445.90003787879,97269.22727272728,4404.168901515151,264,SCHOOL BUSINESS MANAGER
98318.2818018018,111214.72072072072,2988.1063963963966,111,IT SERVICE MANAGEMENT SPECIALIST
98312.02942857143,114157.25714285714,2549.0840000000003,35,ELECTRICAL ENGINEER
98249.96047619048,114433.23809523809,3024.171619047619,105,IT AUTOMATION AND MONITORING ENGINEER
98169.62909090909,97440.90909090909,0.0,11,EOC HIGHER EDUCATION ASSISTANT
98147.37894736843,89992.203000731,0.0,2736,CUSTODIAN ENGINEER
97563.46295238094,104483.3619047619,6568.572666666667,105,INTELLIGENCE RESEARCH SPECIALIST-PD
97549.03903225806,77381.83870967742,19421.114193548387,31,WATER TREATMENT PLANT OPERATOR L2 & 3
97366.38952177016,73550.7773019272,23128.596959314775,1401,ASSOCIATE BENEFITS OPPORTUNITY SPECIALIST
97188.67762626264,105859.73505050504,2143.0965656565654,198,ADMINISTRATIVE CONTRACT SPECIALIST
97112.64945626477,129873.99352245862,0.0,423,SPECIAL ASSISTANT
97041.95259259258,88634.25925925926,16638.838296296297,135,PRINCIPAL POLICE COMMUNICATION TECHNICIAN
97003.53272727273,124233.63636363637,0.0,11,COMMUNICATIONS OFFICER
96983.892,71169.4,23388.329999999998,10,CONGREG CARE SPEC- DJJ
96711.25435445308,96280.52895397489,3518.0097758517636,3346,ADM MANAGER-NON-MGRL
96680.21885604113,104209.71979434448,0.0,778,HIGHER EDUCATION ASSOCIATE
96665.80941860465,92226.49069767442,10463.770418604652,430,TRANSPORTATION SPECIALIST
96454.060505345,101063.5762585034,3904.715354713314,1029,ADMIN COMMUNITY RELATIONS SPECIALIST
96315.0125,95395.71428571429,0.0,28,SENIOR LEGISLATIVE POLICY ANALYST
96182.95162790698,122516.69767441861,0.0,43,CHIEF OF HOUSING COMMUNITY ACTIVITIES
95992.90524242424,98763.05151515151,422.7592424242424,330,EDUCATION OFFICER
95655.10232111694,111049.04121291448,337.878184991274,1146,BUDGET ANALYST
95453.7693430657,109863.48175182482,2936.814160583942,137,ASSOCIATE EDUCATION ANALYST
95284.51958333334,107078.79166666667,1932.8004166666667,48,ADMINISTRATIVE RETIREMENTS BENEFITS SPECIALIST
95213.4674528302,114464.40547169812,0.0,106,ADMINISTRATIVE PROGRAM OFFICER
95178.46097560975,106172.17987804877,1450.3079878048782,328,ASSOCIATE HOUSING DEVELOPMENT SPECIALIST
95166.52993006993,84015.0725874126,15810.783356643356,143,PROGRAM SPECIALIST CORRECTION
95161.88449541284,108490.73394495413,0.0,109,LEGISLATIVE COUNSEL
95087.86234375,97152.72265625,4309.1600390625,256,CITY ASSESSOR
94943.22271428572,121629.57142857143,827.0998571428571,70,CONFIDENTIAL AGENCY INVESTIGATOR
94933.484375,94153.125,0.0,16,LEGISLATIVE COMPUTER SUPPORT SPECIALIST
94720.04756476684,89622.04404145078,13208.176450777202,386,SENIOR RACKETS INVESTIGATOR - START >4-24-08 NO ABC
94364.28830164744,100573.80511091452,0.0,59911,TEACHER SPECIAL EDUCATION
94253.54647058823,101699.41176470589,1133.2652941176473,17,*SENIOR ESTIMATOR
94151.0043119266,78741.1376146789,20763.52256880734,109,ASSISTANT SUPERINTENDENT OF WELFARE SHELTERS
94037.10583984375,86916.40879882812,6812.241357421875,1024,PARK SUPERVISOR
93908.74200000001,363.28828571428573,6333.376571428571,35,MACHINIST'S HELPER
93804.88922413794,79863.79310344828,15929.35573275862,232,SUPERVISOR OF SCHOOL SECURITY
93778.2178021978,113119.3956043956,0.22868131868131866,91,ADMINISTRATIVE PROBATION OFFICER
93597.43918032787,81006.5737704918,13628.879016393443,61,ADMIN TRAFFIC ENF AGNT-UNION
93538.09524838014,75150.29157667387,13278.488531317496,463,ASSOCIATE FIRE PROTECTION INSPECTOR
93367.52219178082,93762.498630137,424.28356164383564,73,SENIOR CONSULTANT
93312.09586024097,85571.75950843372,0.0,2075,PROFESSOR
92977.09960591132,90244.01477832512,4712.663103448276,203,CHILD WELFARE SPECIALIST SUPERVISOR
92905.45213483146,101009.67415730337,486.52044943820226,89,FAMILY PUB HEALTH NURSE
92803.92,114747.21428571429,0.0,14,ADMINISTRATIVE NUTRITIONIST
92667.65098765431,97639.24691358025,6057.487530864198,405,CHILD AND FAMILY SPECIALIST
92620.2995652174,105151.26086956522,3095.2647826086954,23,APPRAISER
92595.28701030927,106164.70237113403,316.629793814433,97,IT SENIOR ASSOCIATE
92562.50958333333,97955.79166666667,4768.794166666667,24,SUPERVISOR III SOCIAL WORK
92425.15994962216,76579.49118387909,16886.700705289673,397,SUPERVISING POLICE COMMUNICATIONS TECHNICIAN
92392.31868613139,112394.78832116789,132.21167883211677,137,ARCHITECT
92310.07228116711,95755.10787798409,4439.437559681697,1131,CONSTRUCTION PROJECT MANAGER
92272.31174121406,100308.97207667732,2408.9660063897763,626,ADMINISTRATIVE PROCUREMENT ANALYST-NON-MGRL
92150.42912328769,83654.52073972602,10825.378493150685,365,ASSOCIATE INSPECTOR
91714.85613636364,140073.13636363635,0.0,44,DEPUTY ASSISTANT COMMISSIONER
91299.13465292513,104223.17489542287,623.9958745074265,3299,CITY RESEARCH SCIENTIST
91253.93339882122,82702.16895874264,10112.211296660118,509,ASSOCIATE FRAUD INVESTIGATOR
91193.13134396354,87220.17995444192,2634.125922551253,439,ASSOCIATE PUBLIC HEALTH SANITARIAN
91048.12333333334,95184.5294117647,3644.9072549019606,51,SUPERVISOR OF INVESTIGATORS
90929.03612903226,94485.48387096774,9996.927096774194,124,SUPERVISOR OF MECHANICAL INSTALLATIONS & MAINTENANCE
90806.17540983607,69932.14754098361,26377.374754098364,61,CHAUFFEUR-ATTENDANT
90572.28974431817,88402.25019886364,6995.404659090909,352,TELECOMMUNICATIONS ASSOCIATE
90537.1806451613,88347.6129032258,1278.8016129032258,31,SENIOR DETECTIVE INVESTIGATOR START >4-24-08 NO ABC
90506.79023809524,101323.88095238095,1644.686904761905,42,PLAN EXAMINER
90369.35704225351,110259.81690140846,983.8284507042255,71,ADMINISTRATIVE PUBLIC INFORMATION SPECIALIST NM FORMER M1/M2
90075.09909307877,83794.24582338902,6467.275942720764,419,SUPERVISING PROBATION OFFICER
90067.17905797102,84160.89130434782,9774.73152173913,276,ASSOCIATE CHEMIST
89697.72454545455,96746.72727272728,0.0,22,COMMUNICATION ASSISTANT
89553.89694092827,78833.79535864979,16230.0479535865,474,ASSISTANT RESIDENT BUILDING SUPT
89324.89722222222,87870.16666666667,5237.225,18,MARINE MAINTENANCE MECHANIC
89217.4548275862,144208.27586206896,0.0,29,PRESS OFFICER
88830.11564945227,97221.68621283256,2162.6689201877934,639,CITY PLANNER
88715.21428571429,103443.35714285714,2974.00625,56,ASSOCIATE LABOR RELATIONS ANALYST
88683.26153339606,87748.12316086548,6491.882116650988,1063,CRIMINALIST
87837.476,88289.5,0.0,10,PRINCIPAL TITLE EXAMINER
87682.12042553192,96649.4255319149,936.21,47,ESTIMATOR
87373.44080357142,87384.75,5252.07875,112,SUPERVISOR III
87045.55835051546,74917.36082474227,8048.87206185567,97,ASSOCIATE TAXI & LIMOUSINE INSPECTOR
86910.51851851853,68962.0,28167.68925925926,27,MARINER
86800.77771428572,311.2094285714286,14036.646857142858,35,LETTERER AND SIGN PAINTER
86710.28830508474,61340.64610169492,27947.588813559323,118,FORENSIC MORTUARY TECHNICIAN
86667.74309751434,61152.93690248566,27867.18552581262,523,DECKHAND
86631.74016774193,86032.11755483871,4281.613574193549,1550,COMPUTER ASSOCIATE
86342.34303934284,68330.91223519239,14677.023687851275,2313,EMERGENCY MEDICAL SPECIALIST-PARAMEDIC
86321.21133333333,95894.06666666667,0.0,15,HIGH SCHOOL ELEM COUNSELOR
86300.51441176471,118774.29411764706,0.0,34,LEGISLATIVE COORDINATOR
85999.12392405064,78690.74164556962,1678.68,79,SUPERVISOR OF NURSES
85959.88502673797,66686.98395721926,20164.349679144387,374,FIRE ALARM DISPATCHER
85848.42291666666,83064.12254901961,8099.616789215686,408,ASSISTANT HOUSING MANAGER
85833.00555555556,89109.66666666667,12154.158888888887,18,INSPECTOR HOISTS AND RIGGING
85819.99801724138,89119.05172413793,802.6736206896552,116,SURVEYOR
85680.83045454546,66222.86363636363,22114.982272727273,22,SENIOR REPAIR CREW CHIEF
85571.18411764706,58088.90758823529,7361.278647058824,170,SUPERVISING THERAPIST
85568.82156549521,77728.24568690095,7393.863929712461,313,SUPERVISOR II
85460.12276838235,106070.56481617647,2121.200974264706,2720,AGENCY ATTORNEY
85356.52736842106,92623.63157894737,0.0,19,OFFICE MANAGER
85296.9120754717,85374.10273584907,3733.2030188679246,106,SUPERVISING COMPUTER SERVICE TECHNICIAN
84940.34592178771,90619.13966480448,3894.566815642458,179,PROGRAM EVALUATOR
84921.4090037831,917.6282976040353,17232.139936948297,793,CITY LABORER
84456.09185434174,93687.27332773109,1589.2335126050418,1785,ASSOCIATE STAFF ANALYST
84386.8011627907,96381.88488372092,1423.840988372093,172,SPEC CONSULTANT
84162.118,74344.2,18532.764666666666,15,SUPERVISOR OF MOTOR TRANSPORT
84145.13796561604,67268.52722063038,24903.010372492834,349,DEPUTY CITY SHERIFF - NON-SPVR
83943.36321428571,93734.16690476189,511.5275,84,ASSOCIATE URBAN DESIGNER
83931.44719557196,93450.07011070111,5006.839151291512,271,ANALYST
83338.55133333334,81768.24444444444,9168.339555555556,45,ASSISTANT CHEMICAL ENGINEER
83301.34603603603,102300.65621621622,0.0,111,LAB SPECIALIST/ASSISTANT
83278.47344827586,81721.74712643678,7531.209885057471,87,INSTRUMENTAL SPECIALIST
83238.84892473118,111557.94139784947,2.5268817204301075,93,ASSISTANT TO THE PRESIDENT
83150.57334928229,67891.02631578948,20276.692822966506,418,SUPERVISOR OF HOUSING CARETAKER
83113.97237762238,94862.84615384616,2554.2392307692307,143,SPECIAL INVESTIGATOR
83077.75043640898,118171.40017456359,10.767019950124688,802,RESEARCH PROJECTS COORD
82971.62666666668,89175.5,4380.61303030303,66,SUPERVISOR II SOCIAL WORK
82797.24878504672,94284.5046728972,4273.362710280374,107,PUBLIC HEALTH EMERGENCY PREPAREDNESS SPECIALIST
82596.55517241379,103436.58620689655,109.30137931034484,58,BUSINESS RESEARCH & DATA ANALYTICS SPECIALIST
82243.79333333333,85451.91666666667,0.0,12,LEGISLATIVE INVESTIGATOR
81911.32576923077,87842.88461538461,284.6566666666667,78,BUSINESS PROMOTION COORDINATOR
81907.00842105263,86854.57894736843,2893.5494736842106,19,SECRETARY TO THE DEPUTY COMMISSIONER
81236.40363636363,86293.36363636363,1.4318181818181819,11,LABOR RELATIONS ANALYST
81162.03354231975,68258.52037617555,19340.00178683386,319,SUPERVISING HOUSING GROUNDSKEEPER
81149.99916666666,132168.66666666666,0.0,12,ASSISTANT LEGISLATIVE REPRESENTATIVE
81081.85321100918,86117.26605504587,169.88550458715596,109,EDUCATION ANALYST
81070.01641025642,79560.64102564103,436.3071794871795,39,INSPECTOR BOILERS
80922.2894619666,85568.57699443413,900.226586270872,539,MANAGEMENT AUDITOR
80611.61105263158,81509.29714285713,991.6183458646616,133,IT ASSOCIATE
80430.3724,83074.4,2462.8456,25,SENIOR ACCOUNTANT INVESTIGATOR
80231.84406869221,67482.27080581241,11440.149762219286,757,SUPERVISOR I
80196.25517730496,55488.063829787236,15340.693758865247,141,BRIDGE OPERATOR
80163.369009901,80385.23762376238,2611.685247524753,101,ASSOCIATE SCHOOL FOOD SERVICE MANAGER
80095.62755319149,82302.85106382979,2331.3555319148936,94,ASSOCIATE QUALITY ASSURANCE SPECIALIST
80028.99432432433,93577.21621621621,0.0,37,LEGISLATIVE PROGRAMMER/ANALYST
79866.13263157895,78621.52631578948,6330.82947368421,19,TELEPHONE SERVICE TECHNICIAN
79794.80795454545,79432.90909090909,2460.605681818182,44,SENIOR RACKETS INVESTIGATOR
79472.31234482757,85848.8551724138,0.0,145,LECTURER/DOCTORAL SCHEDULE
79308.93323275863,74935.81810344828,2401.89025862069,232,SUPERVISING PUBLIC HEALTH ADVISER
79275.52231707318,83235.24390243902,1410.0715853658537,82,SPECIAL CONSULTANT
79188.23493975903,81063.86144578313,7763.582469879518,166,ASSISTANT ELECTRICAL ENGINEER
79066.18896551724,82730.48068965517,343.54448275862075,29,JUNIOR PUBLIC HEALTH NURSE
79034.89,82058.92307692308,0.0,13,EOC LECTURER
79028.91895604396,86807.87912087912,2385.057967032967,182,HOUSING DEVELOPMENT SPECIALIST
79010.38294117647,97767.5294117647,0.0,17,LEGISLATIVE PROJECT MANAGER
78929.13595238097,80636.59523809524,1645.3348412698413,126,PUBLIC HEALTH EPIDEMIOLOGIST
78841.2210909091,60954.07272727273,22278.20490909091,55,SCHOOL LUNCH LOADER AND HANDLER
78724.43214755296,83881.45361577794,21.374864864864865,1369,HIGHER EDUCATION ASSISTANT
78231.8449103139,71226.75784753363,15003.731300448431,446,TRAFFIC DEVICE MAINTAINER
78065.30910828026,85554.54777070064,1241.6299363057324,157,ASSISTANT ARCHITECT
77985.82126760563,65732.4207746479,15588.623080985915,568,SUPERVISING SPECIAL OFFICER
77860.0763507109,69076.82938388626,10424.20383886256,211,HIGHWAYS AND SEWERS INSPECTOR
77758.15038461538,68404.69230769231,10070.380961538462,52,AUTO BODY WORKER
77684.52270676692,80657.59601503759,1386.7286466165415,133,GRAPHIC ARTIST
77672.06664948454,98376.92463917525,468.05515463917527,194,CONFIDENTIAL STRATEGY PLANNER
77499.78202380953,67504.35714285714,14386.715833333332,84,MOTOR VEHICLE SUPERVISOR
77396.19395721925,87258.64705882352,447.67229946524066,187,CONSULTANT
77342.40322580645,69596.7741935484,16338.599032258066,31,COLLEGE SECURITY SPECIALIST
77262.64719999999,95981.30119999999,0.0,25,SPECIAL ASSISTANT TO THE BOROUGH PRESIDENT
77247.37577464788,70689.08450704225,13794.814718309859,142,RACKETS INVESTIGATOR - START >4-24-08 NO ABC
77120.16658536585,94147.73170731707,2460.1273170731706,41,ASSOC INSPECTOR
77028.86800105765,71461.81852459017,0.0,1891,ASSOCIATE PROFESSOR
77001.65120689655,76168.74,0.0,58,CHIEF COLLEGE LAB TECHNICIAN
76694.35545454545,83304.30303030302,129.2851515151515,33,ASSISTANT COLLEGE SECURITY DIRECTOR
76683.72713080168,80541.5358649789,4186.159071729958,237,ASSISTANT MECHANICAL ENGINEER
76613.64646153848,285.824,12321.785076923077,65,LOCKSMITH
76598.06968586388,76971.32460732984,8581.319685863875,191,CLIMBER & PRUNER
76521.91553191488,78347.17893617021,2630.364255319149,47,PROGRAM PRODUCER
76176.10931506849,69180.77168949772,14212.977716894979,219,ENGINEERING TECHNICIAN
76063.76145833333,81932.29166666667,0.0027083333333333334,48,INVESTMENT ANALYST
75853.862,69113.25,1846.5475,20,FOOD SERVICE MANAGER
75828.76364583333,85568.70833333333,1775.9703124999999,96,SPACE ANALYST
75656.03695652174,68441.13043478261,10359.213913043477,23,ASSISTANT TRANSPORTATION SPECIALIST
75655.5188888889,78175.51851851853,0.0,27,LEGISLATIVE ADMINISTRATIVE ASSISTANT
75612.57888888888,84030.55555555556,701.906888888889,45,NUTRITIONIST
75479.55045454546,79176.0,3824.847272727273,22,SUPERVISOR OF HOUSING STOCK WORKERS
75446.21605797102,82218.01449275362,1172.027391304348,345,ASSISTANT PLAN EXAMINER
75316.74054216867,83342.78126506024,1385.8453614457833,166,ASSOCIATE CONTRACT SPECIALIST
75051.02117391305,77863.04347826086,2429.3088260869567,230,SCIENTIST
75031.41,79957.0,97.59299999999999,10,*COORDINATING MANAGER
74743.06964705882,57814.9,19113.839117647058,170,SENIOR VOTING MACHINE TECHNICIAN
74736.725,67531.5,0.0,10,HEALTH CARE PROG PLAN/ANALYST
74619.12852813854,90017.34632034632,1778.644632034632,231,ASSOCIATE LABORATORY MICROBIOLOGIST
74448.31763157895,83411.15789473684,0.0,38,ASSOCIATE HUMAN RIGHTS SPECIALIST
74120.87941520469,77963.432748538,0.0,171,SENIOR COLLEGE LAB TECH
74046.41251572326,80808.6906918239,0.0,159,LEGISLATIVE ASSISTANT
73973.64503649635,78397.40875912408,2114.8898540145983,274,PROTECTION AGENT
73835.3733898305,82034.18644067796,3453.562881355932,59,ASSOCIATE REAL PROPERTY MANAGER
73777.40080407397,270.1402707049048,13306.627796837309,3731,MAINTENANCE WORKER
73648.35567567567,73796.21621621621,0.0,37,INSURANCE ADVISOR
73501.01925925926,86798.99777777778,5.461481481481481,27,ADMINISTRATOR SUPT CAMPUS B/G
73449.81199004974,85795.5472636816,2976.1182587064677,201,PROJECT MANAGER
73318.92399317406,77915.39196245733,1787.7928498293516,586,ACCOUNTANT
73110.5847368421,75552.94736842105,2073.3657894736843,38,SUPERVISOR I SOCIAL WORK
73096.26013947002,72745.68066945607,5225.413361227336,717,ASSOCIATE RETIREMENT BENEFITS EXAMINER
72616.06461538462,74064.23076923077,34.786153846153844,13,FACILITIES COORDINATOR
72257.69564853556,81185.15481171547,3551.3422454672245,717,ASSISTANT CIVIL ENGINEER
72244.8293137255,51938.46235294118,15444.913676470589,204,TRAINER ASSISTANT
72190.23505735141,58825.825860271114,15194.733180396246,959,ASSOCIATE TRAFFIC ENFORCEMENT AGENT
72172.76756097561,78646.87804878049,2749.556666666667,123,ASSISTANT ENVIRONMENTAL ENGINEER
72056.31844444445,76572.52566666667,365.00722222222225,90,LANDMARKS PRESERVATIONIST
71964.48344827586,68881.59770114943,844.7090804597701,87,ASSOCIATE CALL CENTER REPRESENTATIVE-NON-SPVR
71957.65134228188,64071.960771812075,7053.3742281879195,298,RECREATION SUPERVISOR
71926.37569124425,58313.53456221198,14964.265622119816,434,HEATING PLANT TECHNICIAN
71799.50636363636,66410.54545454546,0.0,11,DIETITIAN
71768.90671140939,83329.04026845637,1491.2714765100673,149,ECONOMIST
71664.36582172701,87305.34061281338,1085.188774373259,359,CYBER SECURITY ANALYST
71517.2732936508,65236.78968253968,7834.295873015873,252,ASSOCIATE URBAN PARK RANGER
71515.16698810535,59131.330072217504,1377.5529779099404,2354,PHYSICAL THERAPIST
71406.09,79961.36363636363,316.5559090909091,22,STAFF AUDIOLOGIST
71150.313125,82061.0625,181.7725,16,ASSISTANT URBAN DESIGNER
70858.07214285714,63094.78571428572,3431.183571428571,14,PRINCIPAL FINGERPRINT TECHNICIAN
70794.1725,81373.61,3549.0457,100,CORRECTIONAL STANDARDS REVIEW SPECIALIST
70534.16014908257,63552.62041284404,9016.75002293578,872,FRAUD INVESTIGATOR
70500.62973684211,64130.448421052635,2108.1692105263155,38,RADIO AND TELEVISION OPERATOR
70413.2821387602,68398.61524266489,4661.07620891242,9066,PRINCIPAL ADMINISTRATIVE ASSOCIATE - NON SUPVR
70402.91148255813,67552.21511627907,4895.574156976744,344,CHILD WELFARE SPECIALIST
70101.58943722944,59498.71428571428,13049.304805194806,231,ADMINISTRATIVE ASSISTANT
70071.5475,79160.41666666667,749.0416666666666,12,COUNSELOR
69682.12334384858,77115.71690851735,5524.369179810726,317,EMERGENCY PREPAREDNESS SPECIALIST
69673.69545454545,78823.59090909091,1849.4536363636364,44,ASSOCIATE PUBLIC RECORDS OFFICER
69536.26566037736,53579.89528301887,3596.4698113207546,53,STAFF NURSE ASSIGNMENT LEVEL 3
69348.22179487179,79221.83435897436,5132.473076923077,78,INSPECTOR ELEVATORS
69092.96320512821,76485.10256410256,0.0,78,PROGRAM OFFICER
68919.95066666666,64711.790888888885,4479.0055555555555,45,SENIOR PHOTOGRAPHER
68809.34424242425,34.28,5726.478848484849,165,CHIEF LIFEGUARD
68772.11777777778,62282.04944444444,3180.6433333333334,36,ASSISTANT PRINTING PRESS OPERATOR
68668.95520000001,76735.92,0.0,25,NUTRITION CONSULTANT
68581.71263157895,78372.82456140351,332.8875438596491,57,ASSISTANT LANDSCAPE ARCHITECT
68487.86214285715,65153.07142857143,613.4250000000001,14,MARKET AGENT
68292.901,83615.22,567.3720000000001,50,ACTUARIAL SPECIALIST LEVEL I
68156.06780487804,57213.00658536585,493.73341463414636,41,COMPUTER PROGRAMMER ANALYST
68149.10530487804,15160.992656794426,1907.7678310104532,1148,PUBLIC HEALTH NURSE
67952.07083333333,70453.91666666667,0.5133333333333333,12,EXECUTIVE ASST-DOMESTIC VIOLENCE-HRA
67784.13669354838,63555.82258064516,11104.441451612904,124,CAMPUS PUBLIC SAFETY SERGEANT
67625.56196277495,39.109746192893404,2544.2571404399323,591,JR PHNURSE
67617.00375,59110.5825,310.63125,32,EMPLOYEE ASSISTANCE PROGRAM SPECIALIST
67526.36329096045,75958.41525423729,175.6781920903955,708,CITY TAX AUDITOR
67452.52615384615,74005.76923076923,0.0,39,EOC ASSISTANT TO HEO
67381.02257142858,69496.91428571429,439.86371428571425,35,ASSOCIATE ARTS PROGRAMS SPECIALIST
67143.63857654303,60752.31328941716,1005.3839180867823,6983,OCCUPATIONAL THERAPIST
66720.24335506403,74988.40148156772,2201.902157547536,12885,COMMUNITY COORDINATOR
66454.36655660378,75857.11284198113,1359.3171226415093,848,PROCUREMENT ANALYST
66445.7639090909,52980.336363636365,3852.3042727272723,110,ASSOCIATE SANITATION ENFORCEMENT AGENT
66325.48222222221,65271.20576131687,6223.316316872428,486,EVIDENCE AND PROPERTY CONTROL SPECIALIST
65740.86371428572,62405.885714285716,7236.780666666667,105,TRAFFIC CONTROL INSPECTOR
65568.05490740741,68120.04164814815,2370.1330370370374,540,SCHOOL COMPUTER TECHNOLOGY SPECIALIST
65397.381155878466,75026.82538969617,1779.4676023778072,1514,STAFF ANALYST
65215.08553333333,76837.23555555556,816.7089111111111,450,CONFIDENTIAL INVESTIGATOR
65088.62804878049,62873.577235772354,3963.208455284553,123,HOUSING EXTERMINATOR-AL II & III
64970.059411764705,71931.19607843137,5045.002843137255,102,INDUSTRIAL HYGIENIST
64962.920000000006,76.25833333333334,1946.5191666666667,12,ATTENDING PHYSICIAN
64670.763120567375,51831.8844680851,5463.411560283688,141,WORKER'S COMPENSATION BENEFITS EXAMINER
64441.816666666666,74547.03333333334,0.0,30,LEGISLATIVE POLICY ANALYST
64392.270000000004,66772.49911764706,6401.4875,68,UNKNOWN
64305.03612244898,75062.02040816327,0.2057142857142857,49,CONTRACT REVIEWER
64058.529661016946,73204.22881355933,0.0,118,CUNY START INSTRUCTOR
63766.24703030303,70064.80472727273,1305.248424242424,165,PUBLIC HEALTH EDUCATOR
63543.00820689655,54658.937620689656,6821.083125,2320,STAFF NURSE
63260.41197674418,74945.60930232558,4184.80565116279,860,INSPECTOR CONSTRUCTION
63245.87382352941,47316.86088235294,3142.1926470588237,34,STAFF NURSE ASSIGNMENT LEVEL 2
63193.79473684211,69776.1052631579,1188.6426315789474,19,ADMIN ASST-CAMPAIGN FIN BOARD
63080.349787234045,245.17212765957447,10994.090638297872,47,RUBBER TIRE REPAIRER
62915.43106870229,69905.29557251908,767.1539694656489,131,SR HEALTHCARE PROG PLAN ANLYST
62906.820984682716,52813.43387308534,11390.907877461708,457,MOTOR VEHICLE OPERATOR
62816.38296296297,66927.48148148147,389.68296296296296,27,ASSOCIATE PUBLIC INFORMATION SPECIALIST
62659.8002,69139.35,0.0,100,CLIP INSTRUCTOR
62615.84959916555,70838.75234689316,0.0,6711,SCHOOL SECRETARY
62563.84210526316,36021.08052631579,0.0,19,COLLEGE GRAPH DESIGNER
62270.306000000004,67506.93846153846,40.392,65,INTERPRETER/TRANSLATOR
61786.943235294115,75221.14411764705,156.99705882352941,34,GEOLOGIST
61783.66444444444,61048.51851851852,6603.014814814815,27,LEAD ABATEMENT WORKER
61522.36730888751,55806.78216283406,12207.787551274085,3218,BENEFITS OPPORTUNITY SPECIALIST
61464.02336842105,66455.50789473685,1315.934105263158,95,LEGAL SECRETARIAL ASSISTANT
61377.02461538462,71348.04861538461,449.0523076923077,130,FORESTER
61217.5976119403,54912.164179104475,3864.0194029850745,67,SUPERVISOR OF OFFICE MACHINE OPERATIONS
61071.915072992706,51601.96350364963,15205.069379562043,274,VOTING MACHINE TECHNICIAN
61031.51909090909,76491.22636363636,8.116363636363637,11,CONSULTANT PUBLIC HEALTH NURSE
60652.976721311476,57474.61959016394,8625.5493852459,244,SUPERVISOR OF STOCK WORKERS
60590.969666666664,70947.4,2189.9563333333335,30,INTERPRETER
60537.53788461538,61795.76512820512,5227.254102564103,156,MEDIA SERVICES TECHNICIAN
60507.79401179941,48770.13862831858,13790.989896755163,678,CUSTODIAN
60419.01414893617,57063.40425531915,9879.164361702127,94,AIR POLLUTION INSPECTOR
60379.78601265822,63485.61405063291,3427.542911392405,158,QUALITY ASSURANCE SPECIALIST
60303.470835654596,58351.31754874652,5975.4954317548745,359,FIRE PROTECTION INSPECTOR
59835.69217391304,62218.04347826087,8560.342173913043,69,LEGAL COORDINATOR
59752.29112903225,75929.8870967742,2163.4770161290326,124,INSPECTOR PLUMBING
59705.12055555555,75420.94444444444,31.647222222222222,18,STATISTICAL SECRETARY
59623.34090601186,57178.06778154107,0.0,1181,ASSISTANT PROFESSOR
59612.308013245034,62174.059735099334,2718.743841059603,151,COMPUTER SERVICE TECHNICIAN
59432.54427414331,59805.0785046729,1670.8474392523365,1605,SENIOR POLICE ADMINISTRATIVE AIDE
59380.4486,66379.66615384615,63.06007692307693,650,ASSISTANT TO HEO
59351.130540540544,81833.13513513513,0.0,37,EQUAL RIGHTS COMPLIANCE SPECIALIST
59105.56475340136,63873.545918367345,3849.6041751700677,1176,PROBATION OFFICER
58993.53533333333,80007.66666666667,0.0,15,SCHOOL SOCIAL WORKER - REG SUB
58815.00643410853,72273.35503875969,1242.7452713178295,129,CONTRACT SPECIALIST
58734.82829383886,68386.35398104264,1530.7705687203793,211,SOCIAL WORKER
58721.94181818182,72291.0,4009.3272727272724,11,STATISTICIAN
58505.303076923075,66407.38461538461,0.2969230769230769,13,CONFIDENTIAL SECRETARY OF ADMINISTRATIVE LAW JUDGE
58426.10314814815,7310.333981481482,14.828055555555556,108,SIGN LANGUAGE INTERPRETER
58315.002574626866,59700.517611940304,3628.310149253731,268,CLAIM SPECIALIST
58182.77323394495,60131.04816513762,3913.9622935779817,436,WATERSHED MAINTAINER
58121.59756097561,53632.35764227642,880.4531707317074,123,COMPUTER AIDE-NON-SPVR
58115.548437956204,65533.09927007299,1949.318218978102,685,PUBLIC HEALTH SANITARIAN
58052.161379310346,54426.61620689656,2392.419310344828,58,PHOTOGRAPHER
58025.93895833333,45942.73354166667,6424.545833333334,48,HOSTLER
57879.413,49826.35,260.0715,20,COLLEGE PRINT SHOP SPECIALIST
57815.61648854962,52278.896946564884,15941.064236641221,262,CONGREG CARE SPEC - ACS
57720.59627450981,68004.1568627451,1975.65568627451,51,LABORATORY MICROBIOLOGIST
57482.499676549865,62809.578751123096,1651.085786163522,1113,CUSTOMER INFORMATION REPRESENTATIVE MA L 1549
57320.010588235295,48737.74509803922,5292.745294117647,51,*SENIOR COOK
57082.85045714286,60944.9024,0.0,175,COLLEGE LAB TECHNICIAN
57072.611304347825,65193.46956521739,1021.8174782608695,115,RESEARCH ASSISTANT
57051.00216216216,66706.96138996139,1376.7223166023166,259,CRIME ANALYST
56965.8574,54660.4838,2153.715,50,FITNESS INSTRUCTOR
56938.286640536244,50372.39309247898,12269.426743921837,8802,SCHOOL SAFETY AGENT
56727.82388768899,58534.720388768896,3042.297969762419,463,BOOKKEEPER
56689.48902821317,69807.21830721003,249.18227272727273,638,SUBSTANCE ABUSE PREVENTION & INTERVENTION SPECIALIST
56564.37627753303,47661.08449339207,2538.7958370044053,454,ASSOCIATE INVESTIGATOR
56386.01279411765,58718.46095588236,7037.004705882353,136,EXTERMINATOR
56341.02655386526,55256.17975783918,8094.989981372245,3221,POLICE COMMUNICATIONS TECHNICIAN
56283.514278686154,50464.09911734916,7796.323239762697,6911,EMERGENCY MEDICAL SPECIALIST-EMT
56068.5928125,60400.796875,0.0,64,TEACH ASST VOCATION - REG SUB
55975.09575471698,74484.51886792453,28.128301886792453,106,ASSOCIATE CORRECTIONAL COUNSELOR
55951.796497093026,58247.09832848837,2170.245726744186,688,PARALEGAL AIDE
55943.75142857143,58945.70125,576.2644642857143,56,MAYORAL OFFICE ASSISTANT
55706.0937735849,50242.57009433962,303.33839622641506,106,MAYORAL PROGRAM COORDINATOR
55519.005756654,50387.5783878327,0.0,1315,LECTURER
55506.24764705882,60921.58823529412,2920.044117647059,17,MEDICAL RECORD LIBRARIAN
55501.94684210526,71925.75438596492,88.63122807017542,57,INVESTIGATOR EMPL DISC
55308.51238095238,63850.572380952384,4214.67,21,X-RAY TECHNICIAN
55218.74814371257,65869.88241698421,5095.574177100345,5511,CHILD PROTECTIVE SPECIALIST
55065.972633361554,68199.51779847586,2076.7781625740895,1181,INSPECTOR
54577.331151178914,51971.98850208044,3484.8956588072124,721,ASSOCIATE PARK SERVICE WORKER
54339.386116322705,57965.29580988117,15830.035328330205,1599,YOUTH DEVELOPMENT SPECIALIST
54177.21599999999,64329.3,0.0,10,COMMUNITY PLANNING BOARD COORDINATOR
54039.807175141235,60690.27683615819,70.11790960451978,177,CUNY ADMINISTRATOR ASSISTANT
53936.125757575755,71109.75757575757,4.186969696969697,33,REAL PROPERTY MANAGER
53865.67454545455,47202.454545454544,0.0,22,ADULT ED-30 H
53760.55063338301,52490.74374068554,5039.519824888227,2684,CASEWORKER
53566.52214285714,70565.85714285714,847.2835714285713,28,STAFF ASSISTANT
53381.607941176466,67178.81647058822,895.7208823529411,34,ASSISTANT BUDGET ANALYST
53062.6188095238,54383.59452380952,859.5690476190476,210,IT ASSISTANT
53039.20538461539,46345.20307692308,6193.485256410256,78,CASHIER
52944.418283653846,61472.54230769231,3062.2925865384614,2080,HOUSING ASSISTANT
52822.52965274106,49533.76379340737,10464.154574299313,5673,TRAFFIC ENFORCEMENT AGENT
52786.531754385964,77131.54385964913,488.7949122807018,57,TESTS AND MEASUREMENT SPECIALIST
52717.339733333334,25180.769733333334,14622.433866666666,75,CITY MORTUARY TECHNICIAN
52086.43625,59825.916666666664,0.0,24,DECEDENT PROPERTY AGENT
52070.093888888885,67578.22222222222,0.0,36,HUMAN RIGHTS SPECIALIST
51921.33685258964,59847.28818061089,960.968738379814,753,SCHOOL FOOD SERVICE MANAGER
51891.98861111111,55313.61111111111,1800.4833333333333,36,HOUSING STOCK WORKER
51813.55620927936,63291.828361303065,3278.688578479763,1013,INVESTIGATOR
51750.53909090909,66867.72727272728,241.9109090909091,22,PURCHASING AGENT
51674.77272727273,30370.883636363633,-26.846363636363638,11,PHYSICIAN'S ASSISTANT
51625.18372093023,53068.980387596894,2642.87,129,RECREATION DIRECTOR
51622.455766590385,51400.2590617849,2909.295171624714,437,GARDENER
51491.13825757576,41499.09871212122,13117.228939393939,132,INSTITUTIONAL AIDE
51446.07610666667,28814.21818666667,8722.00872,375,FINANCIAL CLERK
51023.63885245902,51470.74590163935,6337.033032786885,122,WATER USE INSPECTOR
50912.809499999996,51922.25,7135.6445,20,PARKING CONTROL SPECIALIST
50730.979460198156,49224.124092927916,2571.297068670994,2927,CLERICAL ASSOCIATE MOST MAYORAL AG
50520.16285714286,65106.54285714286,0.0,35,LEGISLATIVE FINANCIAL ANALYST
50452.48028169014,67184.04225352113,3914.876901408451,71,ENVIRONMENTAL ENGINEERING INTERN
50428.36785714286,67154.5,0.0,28,ASSISTANT SERGEANT AT ARMS
50365.22557731959,40141.509020618556,690.8430103092783,970,PUBLIC HEALTH ADVISER
50283.87857142857,42868.35326530613,788.0914285714287,49,PUBLIC RECORDS OFFICER
49954.02052631579,56468.63157894737,7230.61,19,CHIEF CARETAKER
49943.51125683061,67000.18579234973,1426.7026775956283,183,PROJECT MANAGER INTERN#
49343.982579564494,61.93730318257956,0.0,597,HEARING OFFICER
49324.57005079365,18480.908596825397,4825.858177777778,1575,ASSISTANT CITY HIGHWAY REPAIRER
49319.84695652174,47327.67326086957,4764.541086956522,46,OPERATIONS COMMUNICATIONS SPECIALIST
49215.521,40960.834,2212.542,10,LEGAL SECRETARIAL ASSISTANT - AL 1 ONLY
49148.17133333334,58576.46666666667,53.99133333333334,15,*SYSTEMS ANALYST
48142.43564266784,48367.53003533569,6516.766519434629,4528,ELIGIBILITY SPECIALIST
47892.87109375,55618.359375,164.30109375,64,ADMINISTRATIVE ASSISTANT TO COMMUNITY EDUCATION COUNCIL
47800.40233333334,58692.183333333334,0.0,60,PSYCHOLOGIST IN TRAIN - REG SUB
47663.73097560975,89978.80487804877,0.0,41,ENERGY CONSERVATION SPECIALIST
47634.18252427184,48092.19902912621,6728.552038834951,206,CLERK TO THE BOARD
47250.58236743606,47466.069033063,2251.639819089208,3206,CLERICAL ASSOCIATE
46707.09733325653,45964.506508466766,8657.899494297893,8681,CARETAKER
46568.9068627451,77241.03882352941,913.6077030812326,357,AGENCY ATTORNEY INTERNE
46398.59324615991,53850.91050649862,1382.805580937377,12695,COMMUNITY ASSOCIATE
46205.91248275863,67288.66896551724,2544.919172413793,145,CIVIL ENGINEERING INTERN
46097.62629213483,39068.95617977528,2541.9396629213484,89,CHAPLAIN
45977.60831168831,53863.46103896104,0.0,77,ASSISTANT TO THE PUBLIC ADVOCATE
45927.024736842104,77180.81578947368,0.0,38,GUIDANCE COUNSELOR-REG SUB
45823.54869565217,40177.27155279503,4008.0052795031056,161,CITY ATTENDANT
45766.94552631579,65290.52631578947,124.7117105263158,76,RESEARCH PROJECTS COORDINATOR
45171.80142857142,68185.0,431.8521428571429,14,MECHANICAL ENGINEERING INTERN
45074.08347031963,72947.29680365296,0.0,219,TEACHER SPECIAL EDUCATION-REG SUB
44845.30442996743,57236.85667752443,2487.3094136807817,307,TAXI AND LIMOUSINE INSPECTOR
44711.382071428576,48208.764285714286,2086.7130714285718,140,CITY PARKING EQUIPMENT SERVICE WORKER
44633.573616808404,48341.13056528264,684.3886643321661,1999,POLICE ADMINISTRATIVE AIDE
44548.4071641791,44308.86069651741,2668.2928855721393,201,*COOK
44419.917499999996,41481.08369422572,6366.686587926509,1524,CITY CUSTODIAL ASSISTANT
43763.294178403754,53762.21596244132,2297.806291079812,213,APPRENTICE
43723.38833175355,21.909374407582938,0.0,1055,SUPERVISING SCHOOL AIDE
43548.0126923077,44539.03846153846,5525.931923076923,26,SENIOR CUSTODIAL SUPERVISOR
43389.640124481324,48281.46887966805,1270.3227385892117,241,SCHOOL LUNCH ASSISTANT COOK
42948.33214285714,67443.71428571429,394.9571428571429,14,ELECTRICAL ENGINEERING INTERN
42783.59526315789,47969.09189473685,926.9082105263158,95,BUSINESS DATA AND REPORTING ANALYST
42700.66272727273,58353.90909090909,303.2509090909091,11,STENOGRAPHIC SPECIALIST
42577.06941176471,39576.19294117647,1248.7358823529412,102,PUBLIC RECORDS AIDE
42408.92,62072.318181818184,50.908181818181816,22,COLLECTIONS SPECIALIST
42362.07696629214,45465.269662921346,9784.292359550562,89,POLICE ATTENDANT
42315.260392268334,45404.89764070495,8441.451540648095,1759,SPECIAL OFFICER
42283.67328244275,46860.8020610687,4516.125992366412,262,AUTOMOTIVE SERVICE WORKER
42197.80716393443,50384.080327868855,0.0,610,SCHOOL SECRETARY-REG SUB
42127.46479132447,42952.82731627193,0.0,56619,ANNUAL ED PARA
42007.3438,49627.1,1495.0272,50,ASSOCIATE FINGERPRINT TECHNICIAN
41958.638595041324,50823.75107438016,958.5598347107439,121,LABORATORY ASSOCIATE
41832.06433628318,47085.03539823009,568.7330088495576,113,SCHOOL LUNCH ASSISTANT
41692.07460317461,59775.1746031746,295.9047619047619,63,ASSISTANT CITY ASSESSOR
41414.51375,77961.5,0.0,16,SENIOR LEGISLATIVE FINANCIAL ANALYST
40797.39492248062,40901.082364341084,3252.6508527131787,258,STOCK WORKER
40451.078373983735,44646.68292682927,3543.67406504065,123,EMERGENCY SERVICE AIDE
40018.12982638889,47742.26388888889,6044.352291666666,288,CAMPUS PEACE OFFICER
39767.45633333333,61122.36666666667,17.015333333333334,30,COLLEGE ACCOUNTANT
39681.9256993007,44576.48951048951,4061.805699300699,286,APPRENTICE INSPECTOR
39037.7402402746,72393.48970251717,0.0,1748,TEACHER-REG SUB
38879.02361702128,42920.85106382979,153.3759574468085,47,MAIL/MESSAGE SERVICES WORKER
38732.882941176475,43107.470588235294,104.86588235294118,17,SANITATION COMPLIANCE AGENT
38668.64988636364,51017.19761363636,404.96454545454543,88,STAFF ANALYST TRAINEE
38635.00204035874,62273.01718983558,0.0,1338,COUNCIL MEMBER AIDE
38572.69914285714,43013.885714285716,160.08828571428572,35,SERVICE INSPECTOR
38558.82551724138,42253.39655172414,5626.647068965518,58,CUSTODIAL SUPERVISOR
38463.07643097643,43607.079124579126,857.4271212121213,594,SENIOR SCHOOL LUNCH AIDE
38419.334814814814,49431.7661728395,0.0,81,INSTRUCTOR
38024.1459574468,30467.244680851065,8806.575531914894,94,CITY SECURITY AIDE
38019.96411392405,19617.295949367086,909.0631645569621,158,PUBLIC HEALTH ASSISTANT
37959.29769230769,61650.38461538462,0.0,13,ASSISTANT DISTRICT MANAGER
37782.99009523809,38595.822095238094,286.0230476190476,105,CLERICAL AIDE
37641.774322916666,40406.500820312496,444.51859375000004,1536,SECRETARY
37637.417293447295,47090.67680911681,1006.2790028490028,351,ASSISTANT RETIREMENT BENEFITS EXAMINER
37307.24471092077,40170.025465738756,1966.4359047109208,1868,COMMUNITY ASSISTANT
37240.60699895068,47001.23347324239,1827.2614900314795,953,URBAN PARK RANGER
36516.71969230769,35203.514153846154,392.81384615384616,65,OFFICE MACHINE AIDE
36338.793333333335,52651.166666666664,640.8658333333333,12,BOOKBINDER
36324.660230414745,17914.90370967742,1292.8302304147464,434,RECREATION SPECIALIST
36192.936844660195,31623.563106796115,0.0,412,TEACHER AIDE
35846.62013793104,50271.89655172414,1133.3864827586208,145,HOUSING EXTERMINATOR
34968.212,42391.06966292135,115.97512359550562,890,CUNY OFFICE ASSISTANT
34717.39945945946,51620.83783783784,145.71378378378378,37,COLLEGE ACCOUNTING ASSISTANT
34584.44764705882,51652.35294117647,9.161176470588236,17,EDUCATION ANALYST TRAINEE
34265.465000000004,42348.7,18.892000000000003,10,QUALITY ASSURANCE SPECIALIST TRAINEE
33963.4313037037,40301.27259259259,615.6237333333333,1350,SCHOOL LUNCH AIDE
33828.86307692307,44823.153846153844,647.88,13,HOMEMAKER
33506.1,40145.92409090909,2466.273181818182,22,LABORATORY HELPER
33166.862727272724,39094.91636363637,0.0,11,OFFICE ASSISTANT
32675.107627118643,42263.338983050846,2103.890847457627,59,PROBATION OFFICER TRAINEE
32426.926216216216,43047.81081081081,19.966216216216218,37,EOC OFFICE ASSISTANT
31341.901,20.07,0.0,20,F/T SCHOOL GUARD
31093.014216806296,25549.10672505712,1288.91439705509,3939,CITY PARK WORKER
30673.83147581139,20.64261175750153,0.0,3266,F/T DC 37 FAMILY PARA
30228.63181818182,13301.139090909091,4250.571818181818,11,ASSISTANT MEDIA SERVICES TECHNICAN
29756.230140056025,29627.79350140056,4760.842801120448,357,CAMPUS SECURITY ASSISTANT
29700.988076923073,32.886153846153846,0.0,26,NEW YORK CITY FELLOW
29489.079285714284,44399.07142857143,0.0,14,LICENSED BARBER
29197.2808,71329.82,2780.2308000000003,50,ASSOCIATE JOB OPPORTUNITY SPECIALIST
29119.219054054054,48856.04398648648,24.149662162162162,296,NEW YORK CITY PUBLIC SERVICE FELLOW
29084.804444444442,35893.0,264.24952380952385,63,FINGERPRINT TECHNICIAN TRAINEE
28936.748925604912,17.6425117370892,0.0,5538,F/T SR. SCHOOL LUNCH HELPER
28897.896,35699.68571428571,323.7617142857143,35,PROBATION ASSISTANT
28791.37857142857,59099.28571428572,0.53,14,MANAGEMENT AUDITOR TRAINEE
28717.22486409156,43280.602288984264,518.8650643776824,699,CALL CENTER REPRESENTATIVE
27898.4019121447,977.7109302325581,4728.5221447028425,387,TEMPORARY CLERK
27454.787971014495,27.026086956521738,0.0,69,NEW YORK CITY URBAN FELLOW
27114.788089887643,179.0985393258427,0.0,89,ADJUNCT PROFESSOR
27097.57780487805,42317.07317073171,0.0,82,LEGISLATIVE CLERK
26897.45355969332,23486.72166484118,1279.3991894852136,913,CUNY CUSTODIAL ASSISTANT
26789.948503401363,17.145986394557823,0.0,147,F/T HEALTH SERVICE AIDE
26501.87,35857.27865771812,0.0,149,SUBSTITUTE TEACHER
26314.58977777778,174.26133333333334,0.0,90,EOC ADJUNCT LECTURER
26135.136382978722,37291.004397163124,723.7438297872341,141,CITY PEST CONTROL AIDE
26051.175238095235,113231.38095238095,0.0,21,EMERGENCY PREPAREDNESS MANAGER
25707.043125,19.1625,0.0,16,PRECINCT RECEPTIONIST
25185.221361256547,18645.56329842932,202.5553926701571,191,IT SUPPORT ASSISTANT
24961.218936170215,177.09801418439716,0.0,141,ADJUNCT ASSOCIATE PROFESSOR
24617.821111111112,35559.351006944446,1032.189201388889,288,COMMUNITY SERVICE AIDE
23832.433589542485,16.983040522875815,0.0,7650,F/T SCHOOL LUNCH HELPER
22989.162087497953,16.686779179638428,0.0,18309,F/T SCHOOL AIDE
22746.470377358488,170.28293007769147,0.0,1802,ADJUNCT ASSISTANT PROFESSOR
22039.399999999998,41133.09090909091,1839.0463636363638,11,DIETARY AIDE
21679.87278287462,386.9269724770642,0.0,327,TEACHER-SPECIAL ED
21549.55696428571,5475.910535714285,0.0,56,DISABILITY ACCOMMODATIONS SPECIALIST
21237.888267716535,40761.38057742782,626.6256430446194,381,SANITATION ENFORCEMENT AGENT
20076.85125,34415.75,0.0,24,ASSISTANT TEACHER
19926.587358490564,33.68433962264151,73.67603773584905,53,SPECIAL EXAMINER
19297.262869565217,17.46295652173913,0.0,115,FIRE CADET
18560.052393449092,133.82101815311762,0.0,5068,ADJUNCT LECTURER
17569.46912238806,1394.6007323383085,1.1544099502487561,5025,SCHOOL CROSSING GUARD
17518.858129496402,53140.12949640288,1809.1411510791368,139,JOB OPPORTUNITY SPECIALIST
17488.325339366515,18.996470588235294,0.0,663,POLICE CADET
16703.194606741574,417.40224719101127,0.0,89,SCHOOL PSYCHOLOGIST
15788.773568335739,179.37859072573184,0.0,27021,SUBSTITUTE ED PARA
15709.251111111113,349.06,0.0,27,"MEMBER, CIVILIAN COMPLAINT REVIEW BOARD"
15550.87976070529,22.370913098236777,964.3356801007557,1588,LIFEGUARD
15139.534693545816,123.76838820717133,0.0,31375,TEACHER-GENERAL ED
14924.649157894735,19.626842105263158,36.34705263157895,95,SENIOR FIELD SUPERVISOR
14193.517622981599,5968.762095381149,435.5011134059332,5326,CITY SEASONAL AIDE
13899.507791878174,908.6238324873096,268.0411421319797,394,PLAYGROUND ASSOCIATE
12868.992666666667,78.422,42.489333333333335,15,PROBATION ADJUNCT TRAINER
12393.517671957672,20.077777777777776,18.50010582010582,189,COLLEGE AIDE - ASSIGNMENT LEVELS II AND III
10955.322340425531,9.509118541033434,0.0,329,MONITOR
10483.710070546738,35.14520282186948,0.0,567,ADJUNCT COLLEGE LAB TECH
10478.944761904762,80.93142857142857,0.0,42,COACH
9880.442641509435,16.681603773584907,0.0,106,YOUTH APPRENTICE
9759.479843387471,56.80399071925754,0.0,1724,CONTINUING EDUCATION TEACHER
9480.418815789473,41.38947368421052,0.0,76,ADJUNCT SENIOR COLLEGE LAB TECH
8876.945862068966,36338.106100795754,78.22620689655172,377,EMERGENCY MEDICAL SPECIALIST TRAINEE
8712.166765375854,1.0,0.0,439,ELECTION TRAINER
8563.531818181818,29.951272727272727,0.0,55,LEGISLATIVE INTERN
8010.804357976654,16.201964980544744,0.0,514,SUBSTITUTE SCHOOL AIDE
7812.498588564575,131.7384206317473,142.20133280021327,7503,JOB TRAINING PARTICIPANT
7366.378659793814,424.99265095729015,2.1219685812469318,2037,COLLEGE AIDE
7185.972727272727,28.31509090909091,930.5149090909091,55,LEAD THEATRE TECHNICIAN
7113.580689655172,30015.206896551725,34.62275862068965,29,CITY SERVICE AIDE
7075.437080651268,34.78,0.0,2641,SUPERVISOR PER SESSION
6714.266986899563,68.37554585152837,0.0,229,NON-TEACHING ADJUNCT V
6597.682098360656,51.48701639344262,0.0,305,NON-TEACHING ADJUNCT II
6337.528343634116,20.45,0.0,3236,SCHOOL SECRETARY PER SESSION
6307.719257926991,18.569949373834266,20.26342392752465,7506,COLLEGE ASSISTANT
5855.285,17.041,175.487,10,EOC ASSISTANT
5515.593942524291,33.22091252815782,0.0,162921,TEACHER- PER SESSION
5449.3159018987335,49.96810126582279,0.0,1896,NON-TEACHING ADJUNCT I
5176.450333333333,45.102666666666664,0.0,30,SR COLLEGE LABORATORY TECH
5003.524726477023,56.197067833698036,0.0,457,NON-TEACHING ADJUNCT III
4934.03462882096,59.38694323144105,0.0,229,NON-TEACHING ADJUNCT IV
4041.0018652849744,16.159706390328154,0.0,1158,SUBSTITUTE SR. SCHOOL LUNCH HELPER
3928.260255102041,13.928571428571429,0.0,196,HIGH SCHOOL STUDENT AIDE
3852.9275669642857,15.728616071428572,0.0,1792,SUBSTITUTE SCHOOL LUNCH HELPER
3804.1201018099546,22.21319004524887,0.0,884,SUMMER GRADUATE INTERN
3378.2973931116385,179.6569596199525,0.0,1684,SUMMER COLLEGE INTERN
3283.125,175.08333333333334,0.0,12,MEMBER OF THE ENVIRONMENTAL CONTROL BOARD - OATH
2691.73947368421,22.27549342105263,0.0,304,STUDENT LEGAL ASSISTANT
2151.810566037736,15.0,0.0,53,COOP EDUCATION TRAINEE COMPUTER TECH AIDE/SR
2042.8110550458716,15.545871559633028,0.0,218,COOP EDUCATION TRAINEE COMPUTER TECH AIDE/JR
1636.0514285714287,25.98107142857143,0.0,28,CUNY ART MODEL
1526.3042609749891,1.01201433895616,0.0,66811,ELECTION WORKER
1394.7561183132173,15.365943972582329,0.0,6711,STUDENT AIDE
1068.4,22.323043478260868,0.0,23,PRE-SES ED PARA
